{
  "project_info": {
    "project_number": "1027381106775",
    "project_id": "study-application-tunisia",
    "storage_bucket": "study-application-tunisia.appspot.com"
  },
  "client": [
    {
      "client_info": {
        "mobilesdk_app_id": "1:1027381106775:android:2855c603fae2efc64d2b12",
        "android_client_info": {
          "package_name": "com.example.studying_app_tunisia"
        }
      },
      "oauth_client": [
        {
          "client_id": "1027381106775-bf64nghmgejl553kofj7d9k7ogvdff2a.apps.googleusercontent.com",
          "client_type": 3
        }
      ],
      "api_key": [
        {
          "current_key": "AIzaSyB2T7cmX92nKIPmVbCfz_6AAVPaI5MNvH4"
        }
      ],
      "services": {
        "appinvite_service": {
          "other_platform_oauth_client": [
            {
              "client_id": "1027381106775-bf64nghmgejl553kofj7d9k7ogvdff2a.apps.googleusercontent.com",
              "client_type": 3
            }
          ]
        }
      }
    }
  ],
  "configuration_version": "1"
}